First Last,First,Last,Company,Domain
Guolian Zhou,Guolian,Zhou,Antonio Strad Violin,www.stradviolin.com
Ray Kramer,Ray,Kramer,Hungry Howie's Pizza,www.hungryhowies.com
James Dowsing Reynolds,James,Reynolds,Dowsing & Reynolds,www.dowsingandreynolds.com
Roy Rollins,Roy,Rollins,"Norfolk Florist, Incorporated",www.norfolkflorist.com
Leanne Osborne Mcentee,Leanne,Mcentee,Notonthehighstreet Enterprises Limited,www.notonthehighstreet.com
Danni Armstrong,Danni,Armstrong,Initials,www.initials-inc.com
Julia Denney,Julia,Denney,"Brighton, Inc.",www.brighton.com
Cara Harvey,Cara,Harvey,"Beachbody, LLC",www.beachbody.com
Stephanie Randall,Stephanie,Randall,Colbert Custom Framing & Art Printing,www.colbertcustomframing.com
Bhavan Kundi,Bhavan,Kundi,Mint Velvet,www.mintvelvet.co.uk
Elizabeth Hansen,Elizabeth,Hansen,"InMotion Entertainment Group, LLC",www.inmotionstores.com
John Koval,John,Koval,"Churchmouse Yarns & Teas, Inc.",www.churchmouseyarns.com
George Khoury,George,Khoury,Aslu Llc,www.activerideshop.com
Suad Muratovic,Suad,Muratovic,"Uncommongoods, LLC",www.uncommongoods.com
Elyse Terrin,Elyse,Terrin,"Brilliant Earth, LLC",www.brilliantearth.com
Aleksandr Vasilev,Aleksandr,Vasilev,Farfetch.com Limited,www.farfetch.com
Delaine Ewing Joyner,Delaine,Joyner,24e DESIGN CO.,www.24estyle.com
Mary Welch,Mary,Welch,Niche Modern,www.nichemodern.com
Chase Eckerson,Chase,Eckerson,WineStyles Tasting Station,www.winestyles.com
Donald Patterson,,,The Kirby Company,www.kirby.com
